<?xml version="1.0" encoding="UTF-8"?>
<uptime xmlns:xsi="http://www.w3.org/2001/XMLSchema-instance"  version="4.0" target_grouping="other">
	<class>JMX Generic</class>
	<exec>com.uptimesoftware.uptime.erdc.MonitorCustomScriptRunner</exec>
	<erdc_version>2.01</erdc_version>
    <category>Applications - General</category>
    <category_related></category_related>
    <grid_info>
        <supported_versions>7.3</supported_versions>
        <supported_platforms>windows, linux</supported_platforms>
        <upgrade_in_place>true</upgrade_in_place>
        <requires_agent_scripts>false</requires_agent_scripts>
    </grid_info>
	<elements>
		<element name="process_windows" parameter_type="input" data_type="string" gui_basic="1" range_type="0" hidden="true">
			<control_options> size:40 </control_options>
			<default_value>plugins/scripts/MonitorJMXGeneric/MonitorJMXGeneric.bat</default_value>
			<short_description>Script Name</short_description>
			<long_description>Name of the script to be executed by up.time </long_description>
			<validation_rule>
				<alphanumeric/>
			</validation_rule>
			<error_message>
				<alphanumeric>required field</alphanumeric>
			</error_message>
			<gui_type>
				<string/>
			</gui_type>
		</element>
		<element name="process_linux" parameter_type="input" data_type="string" gui_basic="1" range_type="0" hidden="true">
			<control_options> size:40 </control_options>
			<default_value>plugins/scripts/MonitorJMXGeneric/MonitorJMXGeneric.sh</default_value>
			<short_description>Script Name</short_description>
			<long_description>Name of the script to be executed by up.time </long_description>
			<validation_rule>
				<alphanumeric/>
			</validation_rule>
			<error_message>
				<alphanumeric>required field</alphanumeric>
			</error_message>
			<gui_type>
				<string/>
			</gui_type>
		</element>
		<element name="webPort" parameter_type="input" data_type="string" gui_basic="1" range_type="0">
			<control_options> size:40 </control_options>
			<default_value></default_value>
			<short_description> Web Port </short_description>
			<long_description> The port that jolokia was deployed on </long_description>
			<validation_rule/>
			<error_message/>
			<gui_type>
				<string/>
			</gui_type>
		</element>
		<element name="jmxmbean" parameter_type="input" data_type="string" gui_basic="1" range_type="0">
			<control_options> size:40 </control_options>
			<default_value/>
			<short_description>MBean Object Name</short_description>
			<long_description>e.g. jboss.web:J2EEApplication=none,J2EEServer=none,WebModule=//localhost/admin-console,j2eeType=Servlet,name=Faces Servlet</long_description>
				<validation_rule>
					<alphanumeric/>
				</validation_rule>
				<error_message>
					<alphanumeric>required field</alphanumeric>
				</error_message>
			<gui_type>
				<string/>
			</gui_type>
		</element>
		<element name="jmxattribute" parameter_type="input" data_type="string" gui_basic="1" range_type="0" units="">
			<control_options>size:40</control_options>
			<default_value/>
			<short_description>Attribute</short_description>
			<long_description>e.g. processingTime</long_description>
			<validation_rule/>
			<error_message>
					<alphanumeric>required field</alphanumeric>
				</error_message>
			<gui_type>
				<string/>
			</gui_type>
		</element>
		<element name="outputType" parameter_type="input" data_type="string" gui_basic="1" range_type="0">	
			<control_options>size:8</control_options>
            <default_value/>
            <short_description>JMX Data Type</short_description>
            <long_description>JMX Data Type</long_description>
            <validation_rule/>
            <error_message/>
            <gui_type>
                <single_select type="dropdown">
                    <value>Numeric</value>
                    <value>String</value>
                </single_select>
            </gui_type>
		</element>
		
		<element name="returnedDataNum" parameter_type="output" data_type="integer" gui_basic="1" range_type="0" units="">
            <control_options>size:12</control_options>
            <default_value/>
            <short_description>Returned Data (Numeric)</short_description>
            <long_description>Returned Data (Numeric)</long_description>
            <validation_rule/>
            <error_message/>
            <gui_type>
				<integer/>
			</gui_type>
        </element> 
		<element name="returnedDataString" parameter_type="output" data_type="string" gui_basic="1" range_type="0" units="">
            <control_options>size:8</control_options>
            <default_value/>
            <short_description>Returned Data (String)</short_description>
            <long_description>Returned Data (String)</long_description>
            <validation_rule/>
            <error_message/>
            <gui_type>
				<string/>
			</gui_type>
        </element>
		
		
		<element name="timer" parameter_type="output" data_type="integer" gui_basic="0" range_type="0" units="ms">
			<control_options>size:8</control_options>
			<default_value/>
			<short_description>Response time</short_description>
			<long_description>Response time in ms</long_description>
			<validation_rule/>
			<error_message/>
			<gui_type>
				<integer/>
			</gui_type>
		</element>
	</elements>
	<help>some help</help>
</uptime>
